[{"model": "admin_interface.theme", "pk": 1, "fields": {"name": "Django", "active": true, "title": "Django administration", "title_color": "#F5DD5D", "title_visible": true, "logo": "", "logo_color": "#FFFFFF", "logo_max_width": 400, "logo_max_height": 100, "logo_visible": true, "favicon": "", "env_name": "", "env_color": "#E74C3C", "env_visible_in_header": true, "env_visible_in_favicon": true, "language_chooser_active": true, "language_chooser_control": "default-select", "language_chooser_display": "code", "css_header_background_color": "#0C4B33", "css_header_text_color": "#44B78B", "css_header_link_color": "#FFFFFF", "css_header_link_hover_color": "#C9F0DD", "css_module_background_color": "#44B78B", "css_module_background_selected_color": "#FFFFCC", "css_module_text_color": "#FFFFFF", "css_module_link_color": "#FFFFFF", "css_module_link_selected_color": "#FFFFFF", "css_module_link_hover_color": "#C9F0DD", "css_module_rounded_corners": true, "css_generic_link_color": "#0C3C26", "css_generic_link_hover_color": "#156641", "css_generic_link_active_color": "#29B864", "css_save_button_background_color": "#0C4B33", "css_save_button_background_hover_color": "#0C3C26", "css_save_button_text_color": "#FFFFFF", "css_delete_button_background_color": "#BA2121", "css_delete_button_background_hover_color": "#A41515", "css_delete_button_text_color": "#FFFFFF", "related_modal_active": true, "related_modal_background_color": "#000000", "related_modal_background_opacity": "0.3", "related_modal_rounded_corners": true, "related_modal_close_button_visible": true, "list_filter_highlight": true, "list_filter_dropdown": true, "list_filter_sticky": true, "list_filter_removal_links": false, "foldable_apps": true, "show_fieldsets_as_tabs": false, "show_inlines_as_tabs": false, "collapsible_stacked_inlines": false, "collapsible_stacked_inlines_collapsed": true, "collapsible_tabular_inlines": false, "collapsible_tabular_inlines_collapsed": true, "recent_actions_visible": true, "form_submit_sticky": false, "form_pagination_sticky": false}}, {"model": "auth.user", "pk": 1, "fields": {"password": "pbkdf2_sha256$600000$s6fyrm95Wxqi8DC12ljPkM$bBir3Re50XjLrAAzL6ExTt0HRuh5s9Wn4ySw0BCwJDU=", "last_login": "2023-11-10T11:28:02.908Z", "is_superuser": true, "username": "a", "first_name": "", "last_name": "", "email": "", "is_staff": true, "is_active": true, "date_joined": "2023-11-02T07:14:04.049Z", "groups": [], "user_permissions": []}}, {"model": "sessions.session", "pk": "22bdlhemmfwfurkrzkbkb55k705a7nt7", "fields": {"session_data": ".eJxVjDsOwjAQBe_iGlm7OMo6lPScIdpfSADZUj4V4u4oUgpo38y8d-h5W8d-W3zuJwuXgOH0uwnr08sO7MHlXqPWss6TxF2JB13irZq_rof7dzDyMu41KiAQu0iTScgypjZ1BGDaig2IznrO3GjmNrlgNwwNJCcy68By-HwB7mE4WA:1r0KwD:W7YnpL3ViraIXpRetrvlH8eH0islI8o4YUcWCLpYUqw", "expire_date": "2023-11-21T12:12:09.338Z"}}, {"model": "sessions.session", "pk": "4i6gx0kiomzbhpnfu3kn0z2dn8fxs8gs", "fields": {"session_data": ".eJxVjDsOwjAQBe_iGlm7OMo6lPScIdpfSADZUj4V4u4oUgpo38y8d-h5W8d-W3zuJwuXgOH0uwnr08sO7MHlXqPWss6TxF2JB13irZq_rof7dzDyMu41KiAQu0iTScgypjZ1BGDaig2IznrO3GjmNrlgNwwNJCcy68By-HwB7mE4WA:1r1PgA:Ecx5j290epO6fUTe6BzFbxuh_-NOlft3I83TMQ32pq8", "expire_date": "2023-11-24T11:28:02.912Z"}}, {"model": "sessions.session", "pk": "7jy4kzrr5qvktwpbb67acrku3x20j8fo", "fields": {"session_data": ".eJxVjDsOwjAQBe_iGlm7OMo6lPScIdpfSADZUj4V4u4oUgpo38y8d-h5W8d-W3zuJwuXgOH0uwnr08sO7MHlXqPWss6TxF2JB13irZq_rof7dzDyMu41KiAQu0iTScgypjZ1BGDaig2IznrO3GjmNrlgNwwNJCcy68By-HwB7mE4WA:1r0FHD:PnosO9T_IX05DgUYJjqU3Deh4QF_OaWWvvZx_0iIIIE", "expire_date": "2023-11-21T06:09:27.597Z"}}, {"model": "sessions.session", "pk": "cf3xnisvzstg9l9cp03hlyr72wvtye7k", "fields": {"session_data": ".eJxVjDsOwjAQBe_iGlm7OMo6lPScIdpfSADZUj4V4u4oUgpo38y8d-h5W8d-W3zuJwuXgOH0uwnr08sO7MHlXqPWss6TxF2JB13irZq_rof7dzDyMu41KiAQu0iTScgypjZ1BGDaig2IznrO3GjmNrlgNwwNJCcy68By-HwB7mE4WA:1qzB46:3KxT-7mpDVrHS8zffQuVk7mxtLD0HbsxO2oIjHFdJBw", "expire_date": "2023-11-18T07:27:30.614Z"}}, {"model": "sessions.session", "pk": "d7g0lrhd7ttr8z88xa5cy5r4qj6olddr", "fields": {"session_data": ".eJxVjDsOwjAQBe_iGlm7OMo6lPScIdpfSADZUj4V4u4oUgpo38y8d-h5W8d-W3zuJwuXgOH0uwnr08sO7MHlXqPWss6TxF2JB13irZq_rof7dzDyMu41KiAQu0iTScgypjZ1BGDaig2IznrO3GjmNrlgNwwNJCcy68By-HwB7mE4WA:1qzwFe:PFrqptOibewYls51elfxBYKJvGO3IAUrUbLE4_0bpwU", "expire_date": "2023-11-20T09:50:34.019Z"}}, {"model": "sessions.session", "pk": "psxi5vrs2q1cpzf08dc6qr6om74957j1", "fields": {"session_data": ".eJxVjDsOwjAQBe_iGlm7OMo6lPScIdpfSADZUj4V4u4oUgpo38y8d-h5W8d-W3zuJwuXgOH0uwnr08sO7MHlXqPWss6TxF2JB13irZq_rof7dzDyMu41KiAQu0iTScgypjZ1BGDaig2IznrO3GjmNrlgNwwNJCcy68By-HwB7mE4WA:1qzv6h:bR3zwwBneV0GkgYvqqbndqKCPtdTcVZG2ZrPP2-YJeU", "expire_date": "2023-11-20T08:37:15.337Z"}}, {"model": "sessions.session", "pk": "qcygdf74mxchcw8ejmmhtvu9fgo42usu", "fields": {"session_data": ".eJxVjDsOwjAQBe_iGlm7OMo6lPScIdpfSADZUj4V4u4oUgpo38y8d-h5W8d-W3zuJwuXgOH0uwnr08sO7MHlXqPWss6TxF2JB13irZq_rof7dzDyMu41KiAQu0iTScgypjZ1BGDaig2IznrO3GjmNrlgNwwNJCcy68By-HwB7mE4WA:1r0Lsj:lI-J51B1to4DfW1DJif4nUTewJ5-S3wqz8BPzm-LRQI", "expire_date": "2023-11-21T13:12:37.968Z"}}, {"model": "sessions.session", "pk": "qj8ebtirx1ezshd7l6xhykc2wuq4ey5w", "fields": {"session_data": ".eJxVjDsOwjAQBe_iGlm7OMo6lPScIdpfSADZUj4V4u4oUgpo38y8d-h5W8d-W3zuJwuXgOH0uwnr08sO7MHlXqPWss6TxF2JB13irZq_rof7dzDyMu41KiAQu0iTScgypjZ1BGDaig2IznrO3GjmNrlgNwwNJCcy68By-HwB7mE4WA:1r11zo:-l1FCk4_RF8PJXqu9TMY_KmCX1IEEQbb-5j2ZCjOq4A", "expire_date": "2023-11-23T10:10:44.600Z"}}, {"model": "sessions.session", "pk": "vp7j4spobjjowjlzbzvnngsegblh9i81", "fields": {"session_data": ".eJxVjDsOwjAQBe_iGlm7OMo6lPScIdpfSADZUj4V4u4oUgpo38y8d-h5W8d-W3zuJwuXgOH0uwnr08sO7MHlXqPWss6TxF2JB13irZq_rof7dzDyMu41KiAQu0iTScgypjZ1BGDaig2IznrO3GjmNrlgNwwNJCcy68By-HwB7mE4WA:1qyRuB:Z3DPGVHQVEnMU1NrVJpa9Qqu22UeMNOt2_5DQSzVeeA", "expire_date": "2023-11-16T07:14:15.939Z"}}, {"model": "sessions.session", "pk": "y5rpm4ys7zo1b4qlwpake62lcvspn0sl", "fields": {"session_data": ".eJxVjDsOwjAQBe_iGlm7OMo6lPScIdpfSADZUj4V4u4oUgpo38y8d-h5W8d-W3zuJwuXgOH0uwnr08sO7MHlXqPWss6TxF2JB13irZq_rof7dzDyMu41KiAQu0iTScgypjZ1BGDaig2IznrO3GjmNrlgNwwNJCcy68By-HwB7mE4WA:1qysP8:Cz1hq7Uo9Hw6_IPF8BESufyK-MLKgLXHNVkCwrhJsPY", "expire_date": "2023-11-17T11:31:58.952Z"}}, {"model": "sessions.session", "pk": "z3o40wx1grvjlquporf66natrn88zn8j", "fields": {"session_data": ".eJxVjDsOwjAQBe_iGlm7OMo6lPScIdpfSADZUj4V4u4oUgpo38y8d-h5W8d-W3zuJwuXgOH0uwnr08sO7MHlXqPWss6TxF2JB13irZq_rof7dzDyMu41KiAQu0iTScgypjZ1BGDaig2IznrO3GjmNrlgNwwNJCcy68By-HwB7mE4WA:1qyV0a:7aDnvF6MKZgu1GO1O2G8mflw2AEe4v9N5wyppkPRRmI", "expire_date": "2023-11-16T10:33:04.887Z"}}, {"model": "web.banner", "pk": 1, "fields": {"image": "banner/1.jpg", "title": "Elevate Your Space with Stunning Interior Design", "description": "Promise of transformation and beauty. Our expertise combines form and function, turning your vision into reality."}}, {"model": "web.banner", "pk": 2, "fields": {"image": "banner/slide-4.jpg", "title": "Promise of transformation and beauty.", "description": "Promise of transformation and beauty. Our expertise combines form and function, turning your vision into reality."}}, {"model": "web.client", "pk": 1, "fields": {"image": "client/8_uPGAsNZ.png", "order": 1}}, {"model": "web.client", "pk": 2, "fields": {"image": "client/7.png", "order": 2}}, {"model": "web.servicecategory", "pk": 7, "fields": {"name": "Architectural and interiors", "slug": "architectural-and-interiors", "image": "1_tXBTxhQ.jpg"}}, {"model": "web.servicecategory", "pk": 8, "fields": {"name": "Manufacturing/Fabrication", "slug": "manufacturingfabrication", "image": "2_sYOH8Lm.jpg"}}, {"model": "web.servicecategory", "pk": 9, "fields": {"name": "Mechanical", "slug": "mechanical", "image": "3_5nTjZLd.jpg"}}, {"model": "web.servicecategory", "pk": 10, "fields": {"name": "Electrical", "slug": "electrical", "image": "4_kDYeBui.jpg"}}, {"model": "web.servicecategory", "pk": 11, "fields": {"name": "Project Management Services", "slug": "project-management-services", "image": "3_7ZO1rOb.jpg"}}, {"model": "web.servicecategory", "pk": 12, "fields": {"name": "Exhibition Services", "slug": "exhibition-services", "image": "2_QtYvN6a.jpg"}}, {"model": "web.service", "pk": 8, "fields": {"category": 7, "title": "Architectural Design", "slug": "architectural-design", "image": "service/8_IPLofUx.jpg", "description": "<p>Architectural design is a creative and technical process that involves planning, designing, and executing the construction or renovation of buildings and structures. It is a crucial phase in the development of any architectural project and plays a fundamental role in shaping our built environment. Here's a brief description:</p>\r\n<p>\"Architectural design is the art and science of conceiving, planning, and creating the physical spaces that surround us. It encompasses the thoughtful integration of aesthetics, functionality, sustainability, and structural integrity to design spaces that meet the needs and aspirations of individuals, communities, and society as a whole. Architects, through their designs, not only shape the physical world but also influence the way we live, work, and interact with our surroundings. Architectural design is a dynamic and ever-evolving field that combines creativity, technical expertise, and a deep understanding of human behavior and environmental impact to create spaces that inspire, endure, and enrich our lives.\"</p>"}}, {"model": "web.service", "pk": 9, "fields": {"category": 7, "title": "Interior Design and Fit-out Works", "slug": "interior-design-and-fit-out-works", "image": "service/9_kxnYkel.jpg", "description": "<p>Interior design and fit-out works involve the planning, design, and execution of interior spaces within buildings, ensuring they are functional, aesthetically pleasing, and tailored to the needs and preferences of the occupants. Here's a description:</p>\r\n<p>\"Interior design and fit-out works are the art and science of transforming interior spaces into functional and visually appealing environments. This multifaceted discipline combines creativity, spatial planning, and technical expertise to create interiors that enhance the quality of life, work, and play. Interior designers work closely with clients to understand their vision and requirements, providing innovative solutions that optimize the use of space, color, lighting, and materials. Fit-out works encompass the construction and installation of interior elements, from partitions and flooring to furniture and fixtures, to bring the design concept to life. Whether it's a residential, commercial, or retail space, interior design and fit-out professionals strive to make interiors beautiful, comfortable, and reflective of the client's unique style, all while adhering to practical considerations and budget constraints.\"</p>"}}, {"model": "web.service", "pk": 10, "fields": {"category": 7, "title": "3D Visualization and Graphics", "slug": "3d-visualization-and-graphics", "image": "service/1_jTtiXxF.jpg", "description": "<p>3D visualization and graphics involve the use of cutting-edge technology to create lifelike three-dimensional representations of objects, spaces, or concepts. These visualizations are widely used in various industries, from architecture and interior design to video games and marketing. Here's a description:</p>\r\n<p>\"3D visualization and graphics represent a digital frontier where creativity and technology converge. This field leverages advanced software and artistic expertise to produce immersive, photorealistic three-dimensional renderings, animations, and graphics. Whether it's architectural models, product prototypes, or complex data sets, 3D visualization brings ideas to life in a way that 2D representations cannot match. These visualizations are invaluable in design, architecture, and engineering, enabling professionals to explore and communicate ideas with unprecedented clarity and impact. Moreover, they play a pivotal role in marketing and entertainment, from creating virtual worlds in video games to producing stunning visual effects in films. In essence, 3D visualization and graphics are the keys to unlocking the limitless potential of the digital realm, enriching our understanding of the world and sparking our imaginations.\"</p>"}}, {"model": "web.service", "pk": 11, "fields": {"category": 7, "title": "Gypsum/Plaster Board/Plastering", "slug": "gypsumplaster-boardplastering", "image": "service/4_zSQlHC4.jpg", "description": "<p>Gypsum board, also known as plasterboard, drywall, or wallboard, is a widely used building material in construction and interior design. It is composed of a gypsum core sandwiched between two layers of paper, providing a smooth, fire-resistant, and easy-to-install surface for walls and ceilings. Plastering involves the application of a layer of plaster to create a smooth and finished surface on walls and ceilings. Here's a description:</p>\r\n<p>\"Gypsum board, commonly referred to as plasterboard, is a versatile and essential building material utilized in the construction industry. It consists of a gypsum core enclosed within two layers of paper, offering numerous advantages such as fire resistance, sound insulation, and ease of installation. Gypsum boards provide a blank canvas for interior spaces, allowing for the creation of smooth, uniform, and aesthetically pleasing walls and ceilings.</p>"}}, {"model": "web.service", "pk": 12, "fields": {"category": 7, "title": "Masonry, Tiling", "slug": "masonry-tiling", "image": "service/4_LTYMgAn.jpg", "description": "<p>Masonry and tiling are construction and finishing techniques used in the building industry to create durable and visually appealing surfaces for walls, floors, and other structural elements. Here's a description:</p>\r\n<p>\"Masonry and tiling are fundamental practices in construction and design, playing a vital role in shaping the aesthetics and integrity of buildings.</p>\r\n<p>Masonry involves the skilled art of constructing structures using bricks, stones, concrete blocks, or other similar materials. Masons meticulously lay these units in patterns to create walls, facades, and other architectural elements. Masonry not only provides structural strength but also offers an array of design possibilities, from rustic and timeless to modern and artistic.</p>"}}, {"model": "web.service", "pk": 13, "fields": {"category": 7, "title": "Joinery/Carpentry", "slug": "joinerycarpentry", "image": "service/8_hIeRzH5.jpg", "description": "<p>Joinery and carpentry are skilled trades that involve working with wood to create functional and aesthetically pleasing structures, furniture, and architectural elements. Here's a description:</p>\r\n<p>\"Joinery and carpentry are time-honored crafts dedicated to working with wood, transforming it into various forms of artistry and utility.</p>\r\n<p>Carpentry primarily focuses on the construction of wooden structures, such as framing, roofing, and the installation of doors and windows. Carpenters are skilled in shaping, cutting, and assembling wood to create durable and sturdy building components. Their expertise ensures that wooden elements in construction are not only functional but also structurally sound.</p>"}}, {"model": "web.service", "pk": 14, "fields": {"category": 7, "title": "Glazing Works", "slug": "glazing-works", "image": "service/9_H16yEkI.jpg", "description": "<p>\"Glazing works represent a specialized field within the construction industry that focuses on the installation and incorporation of glass elements in architectural designs. It encompasses a wide array of techniques, from the creation of transparent and translucent surfaces to the implementation of glass doors, windows, and facades.</p>\r\n<p>Glazing works play a pivotal role in shaping the aesthetics and functionality of modern structures. They provide natural light, thermal insulation, and visual connectivity with the surrounding environment, while also contributing to the energy efficiency and sustainability of buildings. Glass is a versatile material, and glazing professionals employ a variety of methods, including cutting, fitting, sealing, and securing glass panels, to achieve both practical and artistic objectives.</p>\r\n<p>Whether it's a sleek, contemporary glass curtain wall or the intricate detailing of stained glass, glazing works are integral to the design and construction of architectural spaces. They offer a delicate balance between form and function, adding transparency and elegance to our built environment, while meeting the structural, safety, and aesthetic demands of modern architecture.\"</p>"}}, {"model": "web.service", "pk": 15, "fields": {"category": 8, "title": "Design and Manufacturing/Fabrication of Architectural Fittings and Furniture", "slug": "design-and-manufacturingfabrication-of-architectural-fittings-and-furniture", "image": "service/1_PPlcTRJ.jpg", "description": "<p>\"The design and manufacturing or fabrication of architectural fittings and furniture is a specialized craft that revolves around the creation of bespoke, purpose-built elements to complement and enrich the architecture of a space. This field combines innovative design with precision craftsmanship to produce fixtures, fittings, and furniture tailored to the unique requirements and aesthetics of a project.</p>\r\n<p>Architectural fittings encompass a range of elements such as door handles, cabinet hardware, lighting fixtures, and decorative accents that serve both practical and decorative purposes. Custom manufacturing ensures that these pieces seamlessly integrate with the architectural design, adding a distinctive touch that elevates the overall look and feel of a space.</p>\r\n<p>Architectural furniture, on the other hand, involves the crafting of custom seating, tables, storage solutions, and other pieces that blend seamlessly with the architectural style and spatial layout. These pieces are designed not only for functionality but also to contribute to the design narrative of a building, whether it's a residential home, office, or public space.</p>"}}, {"model": "web.service", "pk": 16, "fields": {"category": 9, "title": "Air Conditioning and Ventilation System", "slug": "air-conditioning-and-ventilation-system", "image": "service/9_bww8l8a.jpg", "description": "<p>\"Air conditioning and ventilation systems are the backbone of indoor environmental control, designed to create comfortable, healthy, and efficient living and working spaces. These systems encompass a network of mechanical equipment, ductwork, and controls that regulate temperature, humidity, and air circulation within buildings.</p>\r\n<p>Air conditioning systems, commonly referred to as HVAC (Heating, Ventilation, and Air Conditioning), are responsible for cooling and heating indoor spaces. They offer relief from extreme temperatures, ensuring occupants are comfortable year-round. HVAC systems can be central, serving an entire building, or individual units in residential settings, each designed to optimize energy efficiency and maintain precise climate conditions.</p>\r\n<p>Ventilation systems work in tandem with air conditioning to ensure a constant flow of fresh, oxygen-rich air and the removal of pollutants and odors. Proper ventilation is essential for maintaining indoor air quality, reducing the risk of airborne contaminants, and creating a healthier living and working environment. Ventilation systems can range from simple exhaust systems to advanced heat recovery units that recycle energy and maintain energy efficiency.</p>"}}, {"model": "web.service", "pk": 17, "fields": {"category": 9, "title": "Hot and Cold Water Systems", "slug": "hot-and-cold-water-systems", "image": "service/1_loInkRi.jpg", "description": "<p>\"Hot and cold water systems are the essential networks that deliver water at different temperature ranges for a multitude of applications in buildings and facilities. These systems are the lifelines of plumbing, providing access to water for various domestic, commercial, and industrial needs.</p>\r\n<p>The hot water system is designed to heat water to elevated temperatures for uses such as bathing, cooking, cleaning, and heating within a building. It typically involves water heaters, boilers, and associated piping to ensure a consistent and safe supply of hot water.</p>\r\n<p>The cold water system, on the other hand, delivers water at ambient temperatures for purposes like drinking, washing, flushing toilets, and general use. It encompasses a network of pipes and fixtures that distribute cold water throughout the building.</p>\r\n<p>Both hot and cold water systems play a pivotal role in modern life, ensuring we have convenient access to water at the desired temperature, whether it's for a refreshing shower, a warm cup of tea, or performing daily hygiene routines. These systems are designed with a focus on safety, efficiency, and water conservation, making them integral to the comfort and functionality of residential, commercial, and industrial spaces.\"</p>"}}, {"model": "web.service", "pk": 18, "fields": {"category": 9, "title": "Drainage and Sewage Disposal Systems", "slug": "drainage-and-sewage-disposal-systems", "image": "service/3.jpg", "description": "<p>\"Drainage and sewage disposal systems form the backbone of public health and sanitation in urban environments, ensuring the effective and safe removal of wastewater and sewage from homes, businesses, and public facilities. These systems are engineered to prevent contamination, promote cleanliness, and protect the environment.</p>\r\n<p>The drainage system collects and channels rainwater, surface runoff, and wastewater from sinks, showers, and appliances away from buildings and streets. It utilizes a network of pipes, storm drains, and culverts to transport excess water to suitable disposal points, preventing flooding and water damage during heavy rains.</p>\r\n<p>Sewage disposal systems, on the other hand, deal with human and household waste. They collect and transport wastewater containing human excreta, soiled water from kitchens and bathrooms, and other contaminants to treatment plants or septic systems for purification and safe disposal. Proper sewage disposal safeguards public health by preventing the spread of diseases and minimizing pollution of natural water sources.</p>\r\n<p>These systems are a cornerstone of urban planning and infrastructure, playing an integral role in maintaining hygiene, public health, and the overall quality of life in communities. They are engineered for efficiency, environmental protection, and compliance with stringent regulations to ensure the safe and sustainable management of wastewater and sewage.\"</p>"}}, {"model": "web.service", "pk": 19, "fields": {"category": 9, "title": "Firefighting", "slug": "firefighting", "image": "service/slide-1_IRX4IGh.jpg", "description": "<p>\"Firefighting is a highly specialized and essential service dedicated to preventing, controlling, and extinguishing fires. It encompasses a range of activities and skills aimed at safeguarding lives, property, and the environment from the destructive and potentially deadly effects of fires.</p>\r\n<p>Firefighters, often referred to as first responders, are extensively trained professionals who use various tools, equipment, and techniques to combat fires in different settings, from residential and commercial buildings to industrial facilities and outdoor environments. Their responsibilities include not only extinguishing fires but also rescuing individuals in distress, providing emergency medical aid, and mitigating hazardous materials incidents.</p>\r\n<p>Preventative measures are also a key component of firefighting, with fire departments offering education and outreach to raise awareness about fire safety and promote practices that reduce fire risks.</p>"}}, {"model": "web.service", "pk": 20, "fields": {"category": 10, "title": "Lighting and Small Power Systems", "slug": "lighting-and-small-power-systems", "image": "service/slide-2_Or15XSv.jpg", "description": "<div class=\"flex-1 overflow-hidden\">\r\n<div class=\"react-scroll-to-bottom--css-iethc-79elbk h-full\">\r\n<div class=\"react-scroll-to-bottom--css-iethc-1n7m0yu\">\r\n<div class=\"flex flex-col text-sm gizmo:pb-9 dark:bg-gray-800 gizmo:dark:bg-transparent\">\r\n<div class=\"group w-full text-token-text-primary border-b border-black/10 gizmo:border-0 dark:border-gray-900/50 gizmo:dark:border-0 bg-gray-50 gizmo:bg-transparent dark:bg-[#444654] gizmo:dark:bg-transparent\" data-testid=\"conversation-turn-41\">\r\n<div class=\"p-4 gizmo:py-2 justify-center text-base md:gap-6 md:py-6 m-auto\">\r\n<div class=\"flex flex-1 gap-4 text-base mx-auto md:gap-6 gizmo:gap-3 gizmo:md:px-5 gizmo:lg:px-1 gizmo:xl:px-5 md:max-w-2xl lg:max-w-[38rem] gizmo:md:max-w-3xl gizmo:lg:max-w-[40rem] gizmo:xl:max-w-[48rem] xl:max-w-3xl }\">\r\n<div class=\"relative flex w-[calc(100%-50px)] flex-col gizmo:w-full lg:w-[calc(100%-115px)] agent-turn\">\r\n<div class=\"flex-col gap-1 md:gap-3\">\r\n<div class=\"flex flex-grow flex-col max-w-full gap-3 gizmo:gap-0\">\r\n<div class=\"min-h-[20px] flex flex-col items-start gap-3 whitespace-pre-wrap break-words overflow-x-auto\" data-message-author-role=\"assistant\" data-message-id=\"a98097a2-ca42-4fad-b103-875fe822c1b5\">\r\n<div class=\"markdown prose w-full break-words dark:prose-invert dark\">\r\n<p>\"Lighting and small power systems are essential elements of electrical design and infrastructure, responsible for providing both illumination and electrical outlets for a wide range of purposes within buildings and structures.</p>\r\n<p>Lighting systems encompass the design and installation of fixtures, controls, and wiring to create adequate and well-distributed illumination for interior and exterior spaces. Proper lighting is crucial for enhancing visibility, aesthetics, and the overall ambiance of a space. It serves not only functional needs but also contributes to safety, productivity, and mood.</p>\r\n<p>Small power systems involve the provision of electrical outlets for appliances, equipment, and devices. These systems include socket outlets, switches, and power distribution networks, allowing users to connect and power various electrical devices, from laptops and refrigerators to power tools and entertainment systems.</p>\r\n<p>Both lighting and small power systems are meticulously planned to ensure efficient use of electrical energy, compliance with safety standards, and the convenience of end-users. They are fundamental to modern living and working environments, providing the necessary infrastructure for everyday activities, productivity, and comfort.\"</p>\r\n</div>\r\n</div>\r\n</div>\r\n</div>\r\n</div>\r\n</div>\r\n</div>\r\n</div>\r\n</div>\r\n</div>\r\n</div>\r\n</div>"}}, {"model": "web.service", "pk": 21, "fields": {"category": 10, "title": "Electrical Distribution Systems", "slug": "electrical-distribution-systems", "image": "service/1_2o0cIfk.jpg", "description": "<p>\"Electrical distribution systems are the intricate networks that play a fundamental role in the efficient and reliable supply of electrical power to homes, businesses, and industrial facilities. These systems manage the transmission and control of electricity, ensuring it reaches the intended destinations while maintaining safety and efficiency.</p>\r\n<p>At the heart of these systems are distribution panels and switchgear, which receive power from the main electrical source and distribute it through circuits to outlets, lighting fixtures, and electrical appliances. The distribution system includes a network of wires, cables, and circuit protection devices, such as fuses and circuit breakers, to safeguard against overloads and short circuits.</p>\r\n<p>These systems are designed to accommodate a wide range of electrical loads, from lighting and small appliances to heavy machinery and industrial equipment. They also incorporate safety features like grounding and insulation to prevent electrical hazards.</p>"}}, {"model": "web.service", "pk": 22, "fields": {"category": 10, "title": "Telephone and Communication Systems", "slug": "telephone-and-communication-systems", "image": "service/1_g3gTQUD.jpg", "description": "<p>\"Telephone and communication systems are the lifeblood of modern connectivity, empowering the exchange of information, ideas, and data between people and organizations across the globe. These systems encompass a wide range of technologies and services designed to facilitate seamless and efficient communication.</p>\r\n<p>Telephone systems have evolved from traditional landline networks to digital and mobile platforms. They enable voice communication, enabling individuals and businesses to connect in real-time, regardless of geographic distances. These systems are also integrated with various features like voicemail, call forwarding, and video calling to enhance functionality and convenience.</p>\r\n<p>Communication systems extend beyond voice communication to encompass a multitude of technologies, including the internet, email, video conferencing, and data networks. These systems allow the transmission of text, images, video, and other forms of multimedia, facilitating global information exchange and collaboration.</p>"}}, {"model": "web.service", "pk": 23, "fields": {"category": 10, "title": "CCTV, Security Systems", "slug": "cctv-security-systems", "image": "service/3_WOsVdkp.jpg", "description": "<p>\"CCTV and security systems are a cornerstone of safety and surveillance, providing robust measures for monitoring and safeguarding people, property, and assets. These systems encompass a range of technologies and strategies designed to deter, detect, and respond to security threats.</p>\r\n<p>CCTV systems utilize cameras and video recording equipment to capture and display live or recorded video footage. They are strategically placed in and around properties to provide continuous monitoring and surveillance. Modern systems often incorporate digital and networked technologies, enabling remote viewing and control.</p>\r\n<p>Security systems encompass a broader set of solutions, including alarm systems, access control, and monitoring services. Alarm systems use sensors to detect unauthorized access, break-ins, or other security breaches and trigger alerts or alarms. Access control systems manage entry and exit points, ensuring that only authorized individuals can access specific areas.</p>"}}, {"model": "web.service", "pk": 24, "fields": {"category": 11, "title": "Budget Costing of Proposals", "slug": "budget-costing-of-proposals", "image": "service/slide-2_KJW7byr.jpg", "description": "<p>\"Budget costing of proposals is a methodical approach to assessing the financial aspects of a project or proposal. It entails a detailed evaluation of the estimated costs, expenses, and financial resources required to execute the proposed plan successfully. This process is essential for effective project planning, decision-making, and resource allocation.</p>\r\n<p>The key elements of budget costing include identifying and quantifying all costs associated with the project, including labor, materials, equipment, overhead, and contingencies. It also involves forecasting revenue or funding sources and creating a comprehensive budget plan that outlines income and expenses over the project's timeline.</p>\r\n<p>Budget costing helps project managers and stakeholders gain a clear understanding of the financial feasibility of a proposal, enabling them to make informed decisions, set financial targets, and allocate resources efficiently. It also serves as a valuable tool for tracking and controlling project expenses, ensuring that the project remains on track and within budget throughout its lifecycle.</p>"}}, {"model": "web.service", "pk": 25, "fields": {"category": 11, "title": "Feasibility Studies", "slug": "feasibility-studies", "image": "service/3_1a4lLUz.jpg", "description": "<p>\"Feasibility studies are an indispensable part of the decision-making process for any new project, business endeavor, or significant investment. These studies are structured and in-depth assessments that aim to answer a fundamental question: Is the proposed idea or initiative feasible and worth pursuing?</p>\r\n<p>Feasibility studies examine a range of critical factors, including market conditions, technical and operational capabilities, financial viability, legal and regulatory considerations, and potential risks and challenges. They provide a clear and comprehensive analysis of the strengths and weaknesses of the proposed project, helping stakeholders make informed decisions.</p>\r\n<p>The key components of a feasibility study typically include:</p>\r\n<ol>\r\n<li>Market Feasibility: Assessing market demand, competition, and growth potential.</li>\r\n<li>Technical Feasibility: Evaluating the technical requirements and capabilities needed for project implementation.</li>\r\n<li>Financial Feasibility: Determining the project's financial viability, including cost estimates, revenue projections, and return on investment.</li>\r\n<li>Operational Feasibility: Analyzing the practicality and efficiency of project operations.</li>\r\n<li>Legal and Regulatory Feasibility: Addressing legal and regulatory requirements and potential constraints.</li>\r\n</ol>"}}, {"model": "web.service", "pk": 26, "fields": {"category": 11, "title": "Cost Planning and Cost Control", "slug": "cost-planning-and-cost-control", "image": "service/slide-2_5Fs0dQ3.jpg", "description": "<p>\"Cost planning and cost control are two interrelated practices that play a central role in managing the financial aspects of projects, initiatives, and organizational operations.</p>\r\n<p><strong>Cost Planning: </strong>Cost planning involves the proactive and systematic process of estimating, budgeting, and forecasting the costs associated with a project or activity. This phase typically occurs at the project's inception and continues throughout its life cycle. Key elements of cost planning include identifying all cost components, creating detailed budgets, setting financial targets, and establishing cost management strategies. Accurate cost planning helps organizations allocate resources efficiently, reduce financial risks, and ensure that projects remain financially viable.</p>\r\n<p><strong>Cost Control:</strong> Cost control is the ongoing process of monitoring, tracking, and managing project expenditures to ensure that they align with the budget and financial objectives. It involves comparing actual costs against budgeted costs, identifying discrepancies, and implementing corrective actions when necessary. Cost control is essential for preventing budget overruns, optimizing resource allocation, and maintaining financial discipline throughout the project's execution.</p>"}}, {"model": "web.service", "pk": 27, "fields": {"category": 11, "title": "Cash Flow Forecasting", "slug": "cash-flow-forecasting", "image": "service/3_gNwVBev.jpg", "description": "<p>\"Cash flow forecasting is a financial planning and analysis tool used to predict the movement of cash into and out of an entity, such as a business or individual, over a defined time frame. It provides a detailed overview of expected revenues, expenses, and other monetary transactions, allowing for a clear understanding of future cash positions.</p>\r\n<p>The key elements of cash flow forecasting typically include:</p>\r\n<ol>\r\n<li>\r\n<p><strong>Inflows:</strong> Anticipating all sources of cash, including sales revenue, investments, loans, and other forms of income.</p>\r\n</li>\r\n<li>\r\n<p><strong>Outflows:</strong> Projecting all expected cash expenditures, such as operational costs, debt payments, salaries, and other expenses.</p>\r\n</li>\r\n<li>\r\n<p><strong>Time Period:</strong> Determining the forecasting period, which can range from weeks to months or even years, depending on the specific needs and goals.</p>\r\n</li>\r\n</ol>\r\n<p>Cash flow forecasting is a valuable financial management practice for several reasons:</p>\r\n<ul>\r\n<li>\r\n<p><strong>Liquidity Management:</strong> It helps organizations and individuals ensure they have sufficient cash on hand to cover daily operations, bills, and unforeseen expenses.</p>\r\n</li>\r\n<li>\r\n<p><strong>Budgeting and Planning:</strong> It aids in budget creation and strategic planning, allowing for informed decisions regarding investments, expenditures, and savings.</p>\r\n</li>\r\n<li>\r\n<p><strong>Risk Management:</strong> Cash flow forecasts help identify potential cash shortages or surpluses, enabling proactive risk management and financial adjustments.</p>\r\n</li>\r\n<li>\r\n<p><strong>Financial Decision-Making:</strong> Businesses and individuals can make informed financial decisions, such as managing debt, seeking additional financing, or pursuing investment opportunities, based on the forecasted cash position.</p>\r\n</li>\r\n</ul>"}}, {"model": "web.service", "pk": 28, "fields": {"category": 11, "title": "Programming and Planning", "slug": "programming-and-planning", "image": "service/3_2Nv5Gef.jpg", "description": "<p>\"Programming and planning in interior design represent the foundational stages of a design project, where the essential groundwork is laid for a successful outcome. These phases are marked by a systematic approach to understanding the project's requirements, objectives, and constraints, and developing a well-structured plan for its execution.</p>\r\n<ol>\r\n<li>\r\n<p><strong>Programming:</strong> Programming involves a comprehensive exploration of the project's goals and needs. It includes discussions with the client to understand their preferences, functional requirements, and aesthetic preferences. Designers also consider factors like budget, timeline, and any specific constraints or regulatory requirements. Through detailed interviews, site analysis, and research, designers gather essential information that informs the design process.</p>\r\n</li>\r\n<li>\r\n<p><strong>Planning:</strong> Planning is the process of developing a strategic roadmap for the project. It encompasses defining project scope, setting design objectives, and establishing priorities. Designers create a project timeline, outlining key milestones and deadlines. They may also define spatial layouts, circulation paths, and functional zones. Planning sets the stage for the creative design process, providing a structured framework for decision-making and execution.</p>\r\n</li>\r\n</ol>\r\n<p>Programming and planning in interior design are critical because they ensure that the design aligns with the client's vision and functional needs while adhering to practical considerations such as budget and schedule. By gathering and organizing information in these early phases, interior designers can create a solid foundation upon which to build a successful, aesthetically pleasing, and functional design that meets or exceeds client expectations.\"</p>"}}, {"model": "web.service", "pk": 29, "fields": {"category": 12, "title": "Design, Visualization, Fabrication and Installation of Exhibition Stands and Kiosks", "slug": "design-visualization-fabrication-and-installation-of-exhibition-stands-and-kiosks", "image": "service/2_81hyhVp.jpg", "description": "<p>\"The design, visualization, fabrication, and installation of exhibition stands and kiosks represent a specialized and end-to-end solution for businesses and organizations looking to make a powerful impact at trade shows, events, and promotional activities.</p>\r\n<ol>\r\n<li>\r\n<p><strong>Design and Visualization:</strong> This initial phase involves the conceptualization and creation of the exhibition stand or kiosk design. Designers work closely with clients to understand their brand, marketing goals, and objectives for the event. Using advanced design software, they develop 2D and 3D renderings that provide a visual representation of the proposed structure, including layout, graphics, branding elements, and interactive features. This stage ensures that the design aligns with the client's vision and event requirements.</p>\r\n</li>\r\n<li>\r\n<p><strong>Fabrication:</strong> Once the design is approved, the fabrication phase begins. Skilled craftsmen and technicians bring the design to life, constructing the exhibition stand or kiosk with precision and attention to detail. Materials, structural components, signage, and graphics are all fabricated to exact specifications, ensuring the structure's quality, durability, and adherence to safety standards.</p>\r\n</li>\r\n<li>\r\n<p><strong>Installation:</strong> On-site installation is a critical part of the process. Experienced teams manage the logistics of transporting the exhibition stand or kiosk to the event location and oversee the setup, ensuring that it is assembled correctly, on time, and in accordance with event regulations and safety requirements.</p>\r\n</li>\r\n</ol>"}}, {"model": "web.contact", "pk": 1, "fields": {"name": "Best sale", "email": "zoroxluuffy@gmail.com", "phone": "9876543210", "address": "malappuram,kondotty", "message": "eee"}}, {"model": "web.contact", "pk": 2, "fields": {"name": "Best sale", "email": "veray51408@cdeter.com", "phone": "9876543210", "address": "ahvaskjfgasgag", "message": "asdfasf"}}, {"model": "web.contact", "pk": 3, "fields": {"name": "Best sale", "email": "veray51408@cdeter.com", "phone": "9876543210", "address": "ahvaskjfgasgag", "message": "asdfasf"}}, {"model": "web.contact", "pk": 4, "fields": {"name": "Best sale", "email": "veray51408@cdeter.com", "phone": "9876543210", "address": "ahvaskjfgasgag", "message": "asdfasf"}}, {"model": "web.contact", "pk": 5, "fields": {"name": "safasf", "email": "asf@asf.com", "phone": "asfasf", "address": "asfasf", "message": "asfasf"}}, {"model": "web.contact", "pk": 6, "fields": {"name": "shabeeb", "email": "zoroxluuffy@gmail.com", "phone": "9876543210", "address": "malappuram,kondotty", "message": "grereher"}}, {"model": "web.contact", "pk": 7, "fields": {"name": "shirt", "email": "zoroxluuffy@gmail.com", "phone": "9876543210", "address": "malappuram,kondotty", "message": "asfasfasf"}}, {"model": "web.contact", "pk": 8, "fields": {"name": "shirt", "email": "zoroxluuffy@gmail.com", "phone": "9876543210", "address": "malappuram,kondotty", "message": "fgjfg"}}, {"model": "web.serviceenquiry", "pk": 6, "fields": {"service": 17, "name": "ergergreger", "email": "regregergreg@wefweasfgsew.com", "phone": "gergerg"}}, {"model": "web.serviceenquiry", "pk": 7, "fields": {"service": 19, "name": "ribin", "email": "zohug@mailinator.com", "phone": "44444"}}, {"model": "web.update", "pk": 4, "fields": {"title": "Elevate Your Home with These Interior Design Tips", "author": "Anitha Menon", "image": "update/img-4.jpg", "date": "2023-11-02", "description": "<p>Transform your living space into a stunning masterpiece with these interior design tips. Explore the latest trends, color palettes, and creative ideas to infuse style and functionality into your home. Whether you're a seasoned interior design enthusiast or just starting, this blog post will inspire and guide you on your journey to creating a more beautiful and harmonious living environment.</p>\r\n<p>Are you ready to revamp your home and make it more inviting and stylish? Interior design is the key to turning your living space into a true reflection of your personality and taste. In this blog post, we'll delve into the world of interior design, offering you valuable tips and insights to elevate your home to the next level. Whether you're looking to update a single room or redesign your entire home, we've got you covered. Let's explore some of the essential elements of interior design that can transform your space.</p>\r\n<p><strong>1. Color Palette and Mood:</strong></p>\r\n<p>The first step in any interior design project is choosing the right color palette. Colors can set the mood for a room and influence its overall feel. Whether you prefer a calming and tranquil atmosphere with soft pastels or a bold and energetic ambiance with vibrant colors, selecting the right hues is crucial. Consider the psychology of colors and how they affect your emotions to make the perfect choice.</p>\r\n<p><strong>2. Furniture and Layout:</strong></p>\r\n<p>The arrangement of furniture in a room can greatly impact its functionality and aesthetics. Consider the size and shape of your space when selecting furniture pieces, and create a layout that encourages traffic flow and maximizes the available space. Experiment with various furniture styles to find the right balance between comfort and style.</p>\r\n<p><strong>3. Lighting Design:</strong></p>\r\n<p>Proper lighting is often an underestimated aspect of interior design. It can make or break the atmosphere of a room. Incorporate a mix of ambient, task, and accent lighting to create depth and highlight focal points. Experiment with various fixtures like chandeliers, pendant lights, and floor lamps to achieve the desired effect.</p>\r\n<p><strong>4. Texture and Materials:</strong></p>\r\n<p>Introducing a variety of textures and materials can add depth and interest to your interior design. Consider using textiles like plush rugs, cozy throws, and decorative pillows to create a sense of comfort. Mix materials like wood, metal, and glass to add visual contrast and tactile richness to your space.</p>\r\n<p><strong>5. Art and D&eacute;cor:</strong></p>\r\n<p>Personalize your space with artwork and d&eacute;cor that resonates with your style. Art pieces, sculptures, and decorative objects can tell a story and add character to your interior. Remember that less can often be more, so select pieces that are meaningful to you and complement your overall design theme.</p>\r\n<p><strong>6. Stay Informed About Trends:</strong></p>\r\n<p>Interior design trends evolve over time. Stay up to date with the latest styles and innovations in the industry. Whether it's embracing eco-friendly materials or incorporating elements of minimalism, keeping an eye on trends can help you create a contemporary and stylish home.</p>\r\n<p><strong>7. DIY vs. Professional Help:</strong></p>\r\n<p>Decide whether you want to take on interior design as a DIY project or seek professional assistance. While DIY projects can be fulfilling, complex design needs may require the expertise of an interior designer. Assess your skills and the scope of your project to make an informed decision.</p>\r\n<p>With these interior design tips, you're well-equipped to transform your home into a beautiful and harmonious living space. Explore, experiment, and let your creativity flow as you design your ideal home. Your surroundings should reflect your unique personality and provide comfort and inspiration for you and your loved ones. So, get started on your interior design journey and watch as your home becomes a masterpiece of your own making.</p>", "slug": "elevate-your-home-with-these-interior-design-tips"}}, {"model": "web.update", "pk": 5, "fields": {"title": "The Art of Creating a Cozy and Stylish Living Room", "author": "Vineeeth Kumar", "image": "update/img-5.jpg", "date": "2023-08-11", "description": "<p>Discover the secrets to crafting a warm and inviting living room that exudes both comfort and style. In this blog post, we'll explore the essential elements of interior design that will help you transform your living room into a cozy haven for relaxation and social gatherings. Get ready to be inspired and learn how to balance aesthetics with functionality for a space that truly feels like home.</p>\r\n<p>Your living room is often the heart of your home, a space where you relax, entertain, and connect with loved ones. To make this area both cozy and stylish is an art in itself. In this blog post, we'll delve into the key elements of interior design that will help you create a living room that's both inviting and chic.</p>\r\n<p><strong>1. Furniture Selection:</strong></p>\r\n<p>Start with your furniture selection. Opt for comfortable seating like plush sofas and armchairs that invite you to sink in and unwind. Consider the size and layout of your living room to determine the best arrangement. Don't forget to mix and match textures and colors to add depth and interest.</p>\r\n<p><strong>2. Color Palette:</strong></p>\r\n<p>Choose a color palette that sets the right mood. Soft, neutral tones can create a calm and soothing atmosphere, while warm, earthy hues can infuse a sense of coziness. Accent colors in throw pillows, blankets, and artwork can add vibrancy to your space.</p>\r\n<p><strong>3. Layered Lighting:</strong></p>\r\n<p>The right lighting can significantly impact the ambiance of your living room. Incorporate a mix of lighting sources, including overhead fixtures, floor lamps, table lamps, and candles. Dimmer switches can allow you to adjust the brightness to suit different occasions.</p>\r\n<p><strong>4. Cozy Textiles:</strong> Introduce cozy textiles to your living room with soft area rugs, plush throws, and an array of decorative cushions. These not only add warmth but also provide an opportunity to showcase your style and personality.</p>\r\n<p><strong>5. Personal Touches:</strong></p>\r\n<p>Make your living room uniquely yours by adding personal touches. Display family photos, cherished artwork, or heirlooms that tell your story. This can create a sense of nostalgia and belonging in your space.</p>\r\n<p><strong>6. Versatile Storage Solutions:</strong></p>\r\n<p>Ensure your living room remains clutter-free by incorporating smart storage solutions. Cabinets, bookshelves, and hidden storage can help you keep things organized and maintain a neat and tidy appearance.</p>\r\n<p><strong>7. Balance Form and Function:</strong></p>\r\n<p>While aesthetics are important, don't sacrifice functionality. Make sure your living room layout and design support your lifestyle and the activities you enjoy in this space.</p>\r\n<p><strong>8. Natural Elements:</strong></p>\r\n<p>Incorporate natural elements like potted plants, wooden furniture, or stone accents. These elements can add a touch of the outdoors to your interior, creating a harmonious and calming atmosphere.</p>\r\n<p><strong>9. Seasonal Decor Updates:</strong></p>\r\n<p>Don't forget to adapt your living room decor to the changing seasons. Swap out cushions, throws, and artwork to match the time of year, giving your space a fresh and dynamic feel.</p>\r\n<p><strong>10. Experiment and Adapt:</strong></p>\r\n<p>Interior design is an evolving process. Don't be afraid to experiment with different arrangements, colors, and decor items. Your living room should be a reflection of your evolving style and preferences.</p>\r\n<p>By following these tips, you can master the art of creating a cozy and stylish living room that's perfect for relaxation and entertaining. With a keen eye for design, a little creativity, and a focus on comfort, you can transform your living room into a haven that you and your guests will adore.</p>", "slug": "the-art-of-creating-a-cozy-and-stylish-living-room"}}, {"model": "web.update", "pk": 6, "fields": {"title": "Interior Design Tips for Compact Homes", "author": "Mahesh Kumar", "image": "update/img-6.jpg", "date": "2023-10-05", "description": "<p>Living in a small space doesn't mean you have to sacrifice style and comfort. In this blog post, we'll explore innovative interior design strategies that can help you make the most of your limited square footage. From clever storage solutions to space-saving furniture, you'll find inspiration to create a chic and functional home, no matter how compact.</p>\r\n<p>Living in a small space has its own set of challenges, but it also presents an opportunity for creative and innovative interior design. In this blog post, we'll uncover the secrets to making the most of limited square footage while still infusing your home with style and comfort.</p>\r\n<p><strong>1. Multi-Functional Furniture:</strong></p>\r\n<p>Invest in furniture pieces that serve multiple purposes. Consider a sofa that can also be used as a bed, a dining table with storage underneath, or a coffee table with built-in shelves. These pieces not only save space but also add functionality.</p>\r\n<p><strong>2. Vertical Storage:</strong></p>\r\n<p>When floor space is at a premium, look up. Utilize vertical storage solutions like tall bookshelves, floating shelves, and wall-mounted cabinets to maximize your storage capacity without encroaching on the floor area.</p>\r\n<p><strong>3. Light Colors and Mirrors:</strong></p>\r\n<p>Lighter color palettes make a small space feel more open and airy. White and pale hues can reflect natural light and make your room seem larger. Adding mirrors to your decor can also create the illusion of more space by bouncing light around the room.</p>\r\n<p><strong>4. Smart Organization:</strong></p>\r\n<p>Keep your small space clutter-free with smart organization. Use baskets, bins, and drawer dividers to maintain order and ensure everything has its place. A well-organized space always feels more spacious.</p>\r\n<p><strong>5. Minimalist Approach:</strong></p>\r\n<p>Embrace a minimalist design style that focuses on essential elements. Declutter your living space and opt for clean lines, uncluttered surfaces, and a less-is-more approach to decor.</p>\r\n<p><strong>6. Open Shelving:</strong></p>\r\n<p>Consider open shelving in your kitchen or bathroom. It not only adds a stylish element but also allows you to access items easily while saving on cabinet space.</p>\r\n<p><strong>7. Foldable Furniture:</strong></p>\r\n<p>When not in use, foldable furniture like tables and chairs can be stowed away, creating extra space for activities or movement.</p>\r\n<p><strong>8. Rugs and Zones:</strong></p>\r\n<p>Use area rugs to define different zones within a small room. Creating distinct areas for dining, living, and working can make the space feel more organized and purposeful.</p>\r\n<p><strong>9. Maximize Natural Light:</strong></p>\r\n<p>Keep windows unobstructed and use light, sheer curtains to allow natural light to flood in. Bright spaces always appear more spacious.</p>\r\n<p><strong>10. Personalize with Care:</strong></p>\r\n<p>While decorating your small space, choose decor items that hold personal meaning. Every item should serve a purpose or hold sentimental value to avoid overcrowding your space.</p>\r\n<p><strong>11. Vertical Gardening:</strong></p>\r\n<p>If you have a green thumb, consider vertical gardening. Hanging or wall-mounted planters can bring a touch of nature into your home without taking up floor space.</p>\r\n<p><strong>12. Compact Appliances:</strong></p>\r\n<p>Opt for space-saving appliances, especially in the kitchen. Compact fridges, dishwashers, and stoves can make a significant difference in a small kitchen.</p>\r\n<p>By incorporating these interior design tips, you can turn your compact living space into a stylish and functional oasis. Don't let limited square footage limit your creativity &ndash; embrace the challenges and create a home that's big on style and comfort, regardless of its size.</p>", "slug": "interior-design-tips-for-compact-homes"}}, {"model": "web.career", "pk": 1, "fields": {"name": "shirt", "email": "zoroxluuffy@gmail.com", "phone": "9876543210", "address": "malappuram,kondotty", "message": "ewq", "cv": "career/index.html"}}, {"model": "web.career", "pk": 2, "fields": {"name": "saree", "email": "zoroxluuffy@gmail.com", "phone": "9876543210", "address": "malappuram,kondotty", "message": "fdfff", "cv": "career/base.html"}}, {"model": "web.career", "pk": 3, "fields": {"name": "shirt", "email": "zoroxluuffy@gmail.com", "phone": "da", "address": "malappuram,kondotty", "message": "wsafdasfasf", "cv": "career/Web_Hacking_101__PDFDrive.com_.pdf"}}, {"model": "web.career", "pk": 4, "fields": {"name": "shabeeb", "email": "zoroxluuffy@gmail.com", "phone": "9876543210", "address": "malappuram,kondotty", "message": "y6iutyyt", "cv": "career/Web_Hacking_101__PDFDrive.com__p3Av6d9.pdf"}}, {"model": "web.career", "pk": 5, "fields": {"name": "shabeeb", "email": "zoroxluuffy@gmail.com", "phone": "9876543210", "address": "malappuram,kondotty", "message": "y6iutyyt", "cv": "career/Web_Hacking_101__PDFDrive.com__mADX8hq.pdf"}}, {"model": "web.career", "pk": 6, "fields": {"name": "raheem", "email": "zoroxluuffy@gmail.com", "phone": "9876543210", "address": "malappuram,kondotty", "message": "segsdgsdgsdg", "cv": "career/Web_Hacking_101__PDFDrive.com__MbBm4ff.pdf"}}, {"model": "web.career", "pk": 7, "fields": {"name": "shirt", "email": "zoroxluuffy@gmail.com", "phone": "9876543210", "address": "malappuram,kondotty", "message": "egewgw", "cv": "career/Web_Hacking_101__PDFDrive.com__Q5ltKrI.pdf"}}, {"model": "web.career", "pk": 8, "fields": {"name": "Trending", "email": "zoroxluuffy@gmail.com", "phone": "9876543210", "address": "malappuram,kondotty", "message": "asfdsdfg", "cv": "career/tracking.html"}}, {"model": "web.career", "pk": 9, "fields": {"name": "saree", "email": "zoroxluuffy@gmail.com", "phone": "9876543210", "address": "malappuram,kondotty", "message": "erwaertwetr", "cv": "career/tracking_giy6vhu.html"}}, {"model": "web.career", "pk": 10, "fields": {"name": "saree", "email": "zoroxluuffy@gmail.com", "phone": "9876543210", "address": "malappuram,kondotty", "message": "erwaertwetrarasrasr", "cv": "career/tracking_WBg1tgN.html"}}, {"model": "web.career", "pk": 11, "fields": {"name": "saree", "email": "zoroxluuffy@gmail.com", "phone": "9876543210", "address": "malappuram,kondotty", "message": "erwaertwetrarasrasr", "cv": "career/tracking_phuZr0l.html"}}, {"model": "web.career", "pk": 12, "fields": {"name": "Trending", "email": "zoroxluuffy@gmail.com", "phone": "9876543210", "address": "malappuram,kondotty", "message": "dadad", "cv": "career/tracking_EADQY5i.html"}}, {"model": "web.career", "pk": 13, "fields": {"name": "shabbeeeeeee", "email": "zoroxluuffy@gmail.com", "phone": "9876543210", "address": "malappuram,kondotty", "message": "sdfgsdgsdgds", "cv": "career/service-door-to-door.html"}}, {"model": "web.career", "pk": 14, "fields": {"name": "shirt", "email": "zoroxluuffy@gmail.com", "phone": "9876543210", "address": "malappuram,kondotty", "message": "drhdfhfdh", "cv": "career/support.html"}}, {"model": "web.project", "pk": 1, "fields": {"image": "project/img-4.jpg", "title": "Commercial"}}, {"model": "web.project", "pk": 2, "fields": {"image": "project/img-3.jpg", "title": "Floor Plans"}}, {"model": "web.project", "pk": 3, "fields": {"image": "project/img-2.jpg", "title": "Interiors"}}, {"model": "web.project", "pk": 4, "fields": {"image": "project/img-1.jpg", "title": "Interiors"}}, {"model": "web.testimonial", "pk": 1, "fields": {"name": "Adeeb", "designation": "Accountant", "review": "It's great to hear that ASM DECOR exceeded your expectations and provided exceptional attention to detail and craftsmanship in transforming your space into a work of art. Such positive feedback is a testament to their skill and dedication."}}, {"model": "web.testimonial", "pk": 2, "fields": {"name": "Azad Ali", "designation": "Entrepreneur", "review": "I couldn't be happier with the results of our collaboration with ASM DECOR. From the outset, I had a vision of what I wanted, and they not only understood it but exceeded my expectations in bringing it to life."}}, {"model": "web.testimonial", "pk": 3, "fields": {"name": "Rejina Menon", "designation": "Architecture", "review": "Working with ASM DECOR was a seamless experience. They provided complete solutions and delivered on time and within budget. I highly recommend them for any interior project."}}, {"model": "web.testimonial", "pk": 4, "fields": {"name": "David Gray", "designation": "Business Man", "review": "ASM DECOR's customized furniture added a touch of luxury to our office space. It's not just furniture; it's a statement of our brand. Their team's dedication to quality is exceptional."}}, {"model": "web.testimonial", "pk": 5, "fields": {"name": "Sharon James", "designation": "Designer", "review": "ASM DECOR's master craftsmanship is truly outstanding. Their finishing carpenters and painters transformed our retail space into a masterpiece. The results speak for themselves."}}]